-0.004587876353520536,-0.05691875537402863,9.853815704670733
0.01712358552187351,-0.012741386099206678,9.894629020926166
0.042862761498495744,0.048992247284631085,9.660796564539517
0.02742963246621516,0.048350619443874296,9.550698282227314
0.016288253798964418,0.03721382507249544,9.801802193302695
0.025386100899305736,-0.07209125251875,9.655216984022951
-0.006696293580228995,-0.01318275616682292,9.956059480350447
0.002988039686926967,0.020854800239929146,9.711167465899312
0.023549555798565026,0.020568166603044113,9.778739606821917
0.09205142532448286,0.09344701943885637,9.769248411792812
0.0413791473206351,-0.013515775248939635,9.610935685330025
0.0029937835524701008,-0.05826543675679377,9.80148535513339
0.020075874050118722,0.04176053710390913,9.734428325666798
0.027187344130431307,-0.023310690271329038,9.951394883713508
0.0501544658039384,-0.0043957949157727985,9.883460399839601
-6.022813285691633e-05,0.00845744197220356,9.8638620619662
0.03626189455571229,-0.02146960840450736,9.715767632435917
0.01862885198495348,-0.024274650944981213,9.636630926451234
-0.023284259297009502,-0.14273473852655558,9.883418828771218
0.0033827065040904405,-0.0021060385373572244,9.72619807632357
0.04677159724783494,0.029187818050977928,9.78882079650432
0.059342221313856504,0.020981714445462894,9.767290076844974
-0.08683635438304793,-0.016933671379448553,9.97782627584359
0.026278592629061716,0.012610418789517564,9.911610993765777
0.0024257696664400446,0.0319900243172338,9.878202157972773
-0.08388077702600903,0.09473040809175592,9.820487359203119
-0.0697255835400721,0.07318086466216747,9.88536725597121
-0.0013106415835313523,-0.05471846651634526,9.912729395590786
0.002827106488548437,-0.011553205867892491,9.844191919423656
0.09006136999281145,-0.007324760137615046,9.808238412359099
-0.050122770269870234,-0.0026818128445473197,9.873805375800186
0.017161117978254366,-0.026550691422894443,9.671729183336081
0.08372216606100126,0.0181518499170641,10.072799301743547
0.04594983039919382,0.03918123603156456,9.709224523324709
-0.07141409227503556,-0.006128200935902935,9.919103140147609
0.04849985105648119,0.10517979281363671,9.671395267427881
0.07390469329631727,-0.0008146573648566904,10.041580898787684
0.07771415416243667,0.02814619514626146,9.770028910955597
-0.0464357649207786,-0.07384696675485107,9.731683711274647
-0.0422799612505577,0.018243309968333826,9.857614680017278
-0.008518321589511633,0.056868386686031364,9.860975608855117
-0.07711653522666063,-0.04317268609826028,9.837415127158652
0.015127723513533779,-0.027168664404046396,10.009468397499909
0.0726163176067561,-0.047854272931357904,9.773697892053567
-0.02315204427913288,-0.029752233750723868,10.016562855390793
0.02246009789466202,-0.02776484962099119,9.714723034752621
0.00511181709659788,-0.02113267649359489,9.941609654665536
-0.07018303995994019,-0.04547153017850412,9.696271379750389
0.015226748618964012,-0.004972610434758665,9.677925460333931
0.047140117605005846,-0.05540947525085073,9.589849286285023
-0.05531054800399679,0.046281772550608016,10.105504480938267
-0.027856031688088152,0.0042827158933499004,9.577242596701625
-0.14468122809240533,0.0022987487604245317,9.980397503030268
-0.027063267192952024,0.03442231686371918,9.709613124798873
0.010147291456747382,0.003757153221777996,9.817961486734152
0.010397788857396508,0.013317436087586796,9.55794158292264
-0.13330511794642144,-0.05132233131841625,9.908345453741418
0.043389900291071336,0.15363489925690596,9.792040579016128
-0.016196507418637672,0.04774716540677217,9.818631698634027
0.11502078790077455,0.1011468294414632,9.693472530890299
0.020596443028639253,-0.04333374957136507,9.858646603810183
0.05398182556845289,-0.038538115836345845,9.77848456093522
0.03461420146379276,-0.033927009768059124,9.89793883726726
-0.06287524734773327,0.061748942669018175,9.735339850379777
9.393453188843516e-05,0.08288326907602522,9.797632349942402
-0.02200816800916902,0.12779086500861347,9.718343733873768
0.020978133849013387,-0.06016148124004697,9.877966156424396
0.023770551633353305,0.04837148947896413,9.550805176269568
-0.08211084513083214,-0.09613005871427382,9.95316066927797
-0.05124450254641564,0.004169696997263312,9.732876436536793
0.08543431452922111,-0.04259589390438516,9.986458808593564
-0.03249768176375469,0.012087057349329461,9.6649103329134
-0.024186541142715623,0.0656393528086197,10.064452460732575
-0.016307536398696653,-0.02875910178632833,9.756771782059737
0.0008229796291390396,0.07096653916903271,9.9185395054307
-0.04281209223094022,-0.057087536895215174,9.681580293187665
-0.09887278961326885,0.013629132992417534,9.927204933063175
0.04058005642085464,-0.04652034538258008,9.811995949676742
-0.02440783652865938,-0.018008446256161433,9.946724734755144
0.05135999107737175,0.02963538776944068,9.645465974765578
-0.011632472344119828,0.006788563838627169,10.042844561972768
0.09961486810041087,0.013776176539160837,9.627652150144964
-0.0550929905062624,0.03459168389824213,10.088447308363342
-0.010768663198289693,0.051366578914529365,9.611551385484988
-0.03604171517834509,0.010430301143049178,10.01772397418427
-0.053660041524714965,0.024661371074424756,9.680554708989181
-0.00836101823789434,-0.0037056791593161596,9.955623704015828
0.02999738902365571,0.020944464595368972,9.84039616022134
-0.0785730893207991,0.003739141332127432,10.004960736656717
-0.014451014521267999,0.03893779557133471,9.67593305122779
0.022569999208801157,0.07435270172749006,10.026074563655696
0.05171021884957542,-0.0300593821921844,9.510877775374905
-0.04474788410035267,-0.03232159065701498,10.016336765981487
0.04171365426141257,0.04354818214337667,9.458803877321856
0.01842660697079358,-0.08794111314528565,10.034018392080004
-0.00130257124535853,0.03457800442025599,9.679663669409477
-0.06163863475794321,0.03706598857955395,9.990881274306442
-0.037118618225295476,-0.07734876621151682,9.642682702498298
0.03834273801622711,0.0690342243877753,9.818754711452563
0.0003936801332688454,-0.02012615674955118,9.760300609075104
0.01593464890458113,0.02649101143127532,9.91293301201978
0.060385346566752374,0.02064565649646212,9.700144152169724
0.05766687273542065,-0.06063596287374502,10.05798687467205
-0.008413557989999796,-0.01293221858739618,9.678752008292225
0.013564729319000263,-0.015660784006058283,10.09579228770401
-0.018742915177754324,0.08483845789934977,9.64497991537479
0.059759944325803976,0.027256849139685374,9.998597175091348
-0.01982395107028366,0.03966865470194164,9.664191050559102
0.03665268037721466,0.02838109639286159,9.928531558947945
0.04819343089867806,-0.061113503798500404,9.667448483929128
0.06297152987508456,-0.031866938530789514,9.875138146582263
-0.05910501158002175,-0.015026236909800449,9.71013219964654
-0.04646099789810451,-0.07239381118356146,10.161213348927559
-0.018801493682710297,0.005478265773180706,9.691122922665585
-0.07114370085317828,-0.005072429594366137,10.069689085916552
0.019006429414890787,-0.04113175439337463,9.732499952716001
-0.03827844746751863,-0.015318107909490345,9.932716335175396
-0.005853060132095787,0.029170504108052234,9.577194903144761
-0.0738159718111935,-0.024621447792840742,10.051093538255383
0.05253971883287581,-0.044786761015285975,9.636493602016094
-0.05889585407799889,0.012944736679796665,9.952342492928517
-0.02385347987334584,0.07649819493041106,9.59340507107171
0.08184800786691857,0.058702741507972334,10.075812392495315
0.049369929456893,0.051685243976509365,9.6505637640266
0.01930464570231201,-0.005057345356645643,10.121919957399577
-0.013025667047597356,0.028211065540766102,9.722517467919968
0.0005566075364363074,0.002685823562860864,10.029140574824794
0.06066053743918766,0.010476011384446983,9.680503017898104
0.0649352739225477,0.02518825430146146,9.948469294606264
-0.003870032638100684,-0.12163771489403147,9.536155100598153
-0.08486608080112946,-0.006363686394133689,9.952673686999297
0.010262439306696717,-0.0007320247397698457,9.739447255758789
-0.143171344728944,-0.021592093651969877,9.912889781968559
-0.019712300353459764,0.03236023646681976,9.786472681488819
-0.0316462509326654,0.036983400881769074,10.067700273089294
0.05000177141457486,-0.01226494176010059,9.62157805541103
0.04363388373618535,-0.01740111941484519,9.938766690858806
0.03872791861038197,0.018453613965862523,9.496604533786533
-0.03957434166210074,-0.005394255806636198,10.03725830276273
0.057117957612526,0.07265214688299952,9.556304403364049
0.016701599861519423,-0.04349892973203203,9.784689723722668
0.03843279557077721,0.11316886706610599,9.70677918130667
0.06458538927945354,-0.00427826756062715,9.992415624194557
-0.02088574529667065,-0.00041201033723670783,9.691380702384608
-0.0450657106713726,-0.02849161962545013,10.07176368080298
-0.06153952681163549,0.028954764785418516,9.361247034771786
-0.07294338418620851,0.008123893871301432,10.129239274434081
-0.04709127723567157,-0.01073440345073352,9.676384172779455
0.0030165770286654722,-0.010596154924060465,10.027138522031718
-0.14852482115433013,-0.07626606956944033,9.54036229592428
0.09158911054414778,0.020810381279556256,10.191886878002888
-0.04691048914258403,0.07462445793979186,9.579384345004348
0.011370239026715042,0.010581343454645111,9.999443551948868
0.011085609485677085,0.0027886916265351595,9.598019174938829
0.050502420033400865,0.11336756918392304,10.040816953101347
-0.1022020520361186,-0.013943841638347105,9.762710709356211
0.025688004362860246,-0.019343873006739273,10.084657007148722
0.037387247801903056,-0.0001825666943413238,9.677860543681216
-0.04158236326693087,-0.016217836267920494,10.028858339269165
0.044953114458279125,0.040507145808394006,9.454714169148154
-0.05680419470535752,0.021953134174959955,10.134981846321546
0.03050142029433381,0.03822924948516263,9.436307843992717
0.022721339204676227,-0.10287771055025008,10.115177343742301
-0.0274922079041858,-0.04942877147235619,9.595153694600516
0.04535846791064536,-0.026519827854307496,10.100117173055478
-0.04519101411219339,0.0042457028008489285,9.607767586933592
0.061721812400636844,0.041157134675561945,9.964871495826515
-0.007160660741832263,-0.04177746854687326,9.516520777829026
0.04736447579665835,-0.019202613976878034,10.353254420113384
-0.008769966057305224,0.019573395075636452,9.72450006831358
0.02443479638687322,0.05617155123950595,10.078959164462171
0.022177217350181706,-0.004393835193021278,9.359959466196333
0.0845691921892369,-0.04893479498213282,10.130348299668116
0.02041370885649628,0.1217925604771051,9.548178955289824
-0.026477377598735027,-0.10353412191612972,10.002263592571303
0.015733238128385754,0.0007869753968824178,9.533478716009526
0.07047849803941796,0.03880999101889229,10.024680883573973
-0.05632994558018947,-0.05100180069929018,9.704756550182257
0.04960533156764478,-0.03573124559254986,10.119136500788557
0.02991293598300241,-0.0033937620998779464,9.416135926679653
0.00900816028114419,-0.04355293929241671,10.14413062945157
0.06971271642378757,-0.04267226571126953,9.498092209897786
0.02041132857429575,0.026237336109162998,10.212152152329503
0.006457736157051218,0.01075623136973208,9.478117779407555
0.0022880170950009787,-0.019353346204919658,10.114410975597343
0.016611615813766578,0.0846054061697038,9.54294954575568
-0.04713767235001152,0.04055879645962304,9.911389804535347
-0.049758974436040174,0.11743881762469587,9.52687601517336
-0.011499776455439323,0.01279200763114123,10.154911230873111
-0.034103219069755816,-0.009024317541895413,9.597861914830757
-0.04343852157189318,-0.07823228313229014,10.10481833230298
-0.030433343831263723,0.07626968967949536,9.584457958504439
0.03804638191154659,0.060235312818597966,10.09284910181849
0.036607678679581444,0.0014842834252041378,9.367687311547803
-0.029403538255655733,0.061020328135029014,10.217978823349164
0.02885267468510272,-0.056495934706469,9.563069380647235
0.09710756396531983,0.03800553147645313,10.136394295093329
-0.022874358888021515,0.08904590562639625,9.240989107395679
0.010067999369347672,0.023358123358903273,10.212453589203047
-0.08258483501438146,0.04355673475779044,9.429384574133369
-0.05249680422796448,0.047801865228262,10.123473770025441
-0.0128225945287404,-0.013340962725351905,9.509399948678405
0.028057833537910977,-0.0424525528705565,10.153472518767884
0.04744821921757272,-0.02358050027956626,9.4141349845774
-0.045620835999752106,-0.06836728992626696,10.134022303832491
-0.026032129004862643,-0.08871469108879132,9.40076461698698
0.0497796923326497,-0.018439180503201494,10.152124572706287
0.00238513737093239,-0.08357221132019475,9.551159231983668
0.018750310755357123,0.04729998090420321,9.994330369096323
0.00722321289431581,0.021395267843581756,9.636631330566313
-0.14733074132846444,0.07885880315811584,10.25353964182554
0.11683941382010077,-0.009454521796223907,9.484487994893614
-0.037695485535470974,-0.044648863326533235,9.94302719972385
-0.0660914728290412,-0.0010882948436591285,9.504790320667592
-0.08699340553087015,0.0036978242853073886,10.022360986660185
0.09377664925523646,0.013083867175933123,9.456722386694471
-0.05716328377811606,-0.047825195998131245,10.144795019507422
-0.06294455439498303,-0.01294488674840848,9.442114714955418
0.0923072811336474,0.004850833529426071,10.111164049654665
-0.04995613324849535,-0.016693667745834702,9.502705061906893
0.08119526928723378,0.08325825075751299,10.031791797407525
0.05439319066191837,0.024597579498645994,9.446211668114186
-0.04803347800016314,-0.011149861395032483,10.114268878613167
-0.002288705665120042,0.07832397364048027,9.29010091912162
-0.07550075076180672,0.0014065665410733473,10.237841421313613
0.13777677419939222,0.03239489576687031,9.409430616932902
-0.05912138648725407,-0.007847649197736475,10.28924527356141
-0.027437315914970586,0.034751868424674474,9.534177820557222
0.02324699433399805,-0.03414705533721921,10.36396652492885
0.026819691259834036,-0.03538794273579395,9.36132416647049
0.07631249247026876,0.06939422106981379,9.99859341027594
-0.045708236672222305,-0.0036253798841418467,9.469864363602806
-0.013107410714444871,0.0008583064213101989,10.043666362159804
0.05746702802641454,0.04150180114154473,9.592977525366567
0.02902003283220736,0.05779416390972836,10.135900867556206
-0.06353389741363034,-0.06222834346559495,9.417012670497174
-0.005985560135829868,-0.058494061006346125,10.19710382269843
0.03302945955068689,-0.00994597458407804,9.492218283262604
-0.012918887886321777,0.07751980758930752,10.20073118052724
0.017237695912222024,0.04534098586462093,9.344137866003233
0.016982899937529716,-0.05083842409557402,10.199457717029143
0.024986306655655547,0.0036897266031640508,9.439205500191706
0.006208026342553636,-0.007228500666386011,10.26059086115301
-0.02759723301154024,-0.10622242996891294,9.446527660046208
-0.11787717550345496,0.007477067104618217,10.317338972347589
-0.039362090362492275,-0.03766736365390598,9.450418514642562
-0.06655909950814284,0.025319147222251495,10.130458512805157
0.024244776575730598,0.026722810772598467,9.564200756194179
-0.0986590379010823,-0.04195479034201495,10.213650975803933
-0.07750348408046384,-0.023522545094282175,9.433383106588243
-0.03913406505937993,0.01791459432210539,10.218678154728368
0.027558844877450323,0.015982679537183225,9.53913672006204
-0.03831870141201298,0.05594252424371642,10.203898126254943
0.007755657556687466,0.03654653836592683,9.399871727870796
0.053925689434864366,0.0631495310191997,10.146750996515433
0.024288638629070703,-0.029247640170766462,9.32373396882015
-0.07029202652753,0.030144121707469818,10.131622065276158
-0.0071530457520838885,-0.017045885979422002,9.53953863809348
0.04224832660013334,-0.08420529695826412,10.244718922390232
-0.03329270656176075,0.08619366315447413,9.39980417682521
-0.04201817485470863,0.05341129440595785,10.037622798462404
-0.0017138871729034334,-0.07865015093331218,9.539918159404136
-0.1533027791220672,0.019301270610004934,10.08138417072471
0.03626250954456063,0.0672123749575849,9.347212569422918
0.05770327566818248,0.008442848717158573,10.043749593181058
0.0573131482665836,-0.04884927570224907,9.467716512640935
0.009749161756836312,-0.01094272388639097,10.139984138464435
-0.009588363778116914,0.00020731897980002875,9.37603256982362
0.034670477049166745,-0.018561667388612733,10.268278981471667
-0.016467349922236998,-0.004006316947335981,9.4654698885297
-0.006796320386358492,-0.010105916968817063,10.25016374510765
-0.027505529760484322,-0.02375970570213254,9.446772041888243
0.04488228502227174,-0.03290515033722602,10.20363406527045
-0.0029540596776200115,0.0012268728789094595,9.43383426986263
-0.03413226841866373,0.07414697757782916,10.192295649943048
0.030548840716597022,0.043787588666785754,9.427635476691796
0.051131624710048146,-0.04047180278510253,10.027424131381569
0.0761741018105562,-0.052765156771948665,9.440339469741696
-0.009812746020210171,0.07569693457988133,10.375367766088127
0.01734406867360205,-0.007297070451749652,9.467487852463169
-0.01869807224835573,0.1058181637325044,10.031175470960486
0.013291520059569656,-0.015967576001452335,9.494533398012821
-0.03145248979406877,-0.0434687631884319,10.327422269835306
-0.03611173394059184,0.07569067917358108,9.289707727567126
-0.05263262964464175,0.04056304192240847,10.275565076815605
-0.03274183099160515,0.019963914259165813,9.578697166301577
0.031145321257567877,-0.03209023354032262,10.207660372506142
-0.021447606394936945,-0.048543342337016696,9.286033528812302
-0.017594168787819595,-0.038978912446659256,10.109276793439745
-0.005247300326400493,-0.06033787866791016,9.43836816118667
0.012481735974753258,-0.04068492464094129,10.173966031935858
0.05596213315291803,-0.03705920580685509,9.42204555018228
-0.04919728695456996,0.04573726218760776,10.200405632475746
-0.06636393641365279,-0.016364896111780797,9.241533544916546
-0.011070855549046535,-0.006856793942953344,10.283864491018779
0.03424063115441894,0.0961214547714381,9.413370235828733
0.04797291865354663,0.0524082078755436,10.298402603340126
-0.04229494204750701,-0.04806737519710096,9.38553855815221
0.012983488523638106,0.01692324027260496,10.38753975776185
0.007495658753132556,0.029488720695192705,9.508463828749965
-0.0916684554497364,0.0012731553641909857,10.068306577688114
-0.006565504248261799,0.06775485012796088,9.259815440587314
0.10429051684103144,-0.07849806031543319,10.27453191233236
0.003917251089256068,-0.023244045733883195,9.482857742194332
-0.02376663798131996,-0.02653924914676542,10.29837633262909
0.0355984058005421,0.04021723321263227,9.34748819068991
-0.02217476355622873,-0.029211616735639753,10.142759070603498
0.016782309654286166,-0.09892639002471332,9.640870521641167
-0.016602698378450978,0.02426264608010645,10.308981167571687
-0.038311794436429354,0.019717283310385587,9.435518964807224
5.619265699537957e-05,0.01054445679421781,10.204233063630578
-0.027712675349337225,0.03381320765224961,9.510003241115301
-0.009213841428445795,-0.020098595824834635,10.165081611182778
0.024319754061327834,-0.020440237251103267,9.509027942151665
0.030161333697914874,-0.07849181956222455,10.265622148987658
-0.025951117046799234,0.020814473778392573,9.384367520867663
0.03874723768473915,0.14750593751786453,10.2145463012192
-0.0425334525054225,-0.06858169070869548,9.365394842137466
-0.016452380095832036,-0.010056772635963262,10.256840315292083
-0.019038368747350768,-0.025770188946787415,9.382620388112034
-0.04695131494964586,-0.04716404570369087,10.206168545447206
-0.031238607757802406,0.06368483238590289,9.330706727000203
-0.011499050723993397,0.03744257136173216,10.192607062114602
0.07300257450907266,0.03955489959178635,9.450022979001545
0.07352454354689152,0.016955279573752657,10.356772325057543
0.008126686678282579,-0.043990061745062814,9.315185012503617
0.01614355141572818,-0.04880022820923275,10.338629038636238
-0.020641834022945407,-0.04554008828988577,9.380608184465977
0.0012944071873757148,0.04329962655703318,10.269763675019298
-0.003625858734794497,0.02026860625279331,9.433112520746478
-0.009942741871219926,0.07921597154320673,10.275930402352722
-0.03385123569990663,-0.039106630242370904,9.463796655027133
0.04118577613750295,-0.0030390863285723597,10.243165269760219
-0.016543361968145816,0.017400511833712873,9.543301056344674
-0.026720696284781787,0.09526410861585682,10.170552728727353
-0.061163154086644224,0.03466533589046968,9.337924438329445
0.0226388340458871,-0.07399063208189888,10.066618610945664
0.03479345465320309,0.031249621000126238,9.201821273423473
-0.08212925517990192,-0.05915048687319984,10.350212052925178
-0.0014075971815110985,0.07733457991903454,9.44843757003722
0.05448914818589682,-0.05687109294693024,10.262000040181514
0.014588684663109926,0.057711642463100135,9.54054308595355
0.014452061559547761,-0.08344658214841108,10.231396392112192
-0.014043090004952928,-0.06384373331321196,9.21390682853079
0.02481152554779394,-0.03652110570944715,10.263421093260916
-0.06865319331788576,0.0015642687912938071,9.311658245201421
0.020829558297976808,0.005299133699289639,10.377306720863535
0.029054651762796698,0.01966946547749706,9.315517890433489
0.02535306305206854,0.037238919572267,10.039809417946557
-0.00675864981968791,0.020572885776941465,9.298598914392931
-0.06651763617159624,0.01718793012422616,10.314423221905486
-0.04994514695819947,-0.10336941777547055,9.395561870809113
-0.01583177118375823,-0.04632489827922952,10.335727407656844
0.01222147393185759,-0.07573304650952438,9.321757318854086
-0.004090983502494277,-0.039437213261242374,10.477325568051896
0.03570980042006514,-0.019048776562588892,9.264574529549819
-0.05404988202177691,0.12533388203737036,10.373679536629686
-0.005483070356866727,0.052366143329527874,9.17445141673183
-0.05624057278369197,0.010824040765115265,10.306228515484234
-0.03184449885043216,-0.023765159092617533,9.448977271184495
-0.023660942587318653,-0.029235956446157726,10.352839280498257
0.00817116482907516,-0.01110995714055018,9.546604753585905
0.03690355364078797,0.02591111492320629,10.271947582552311
-0.03926533768926581,0.02309233017508495,9.442150145799795
-0.04998750295166466,0.051527993739062077,10.393835065825623
0.04801970081995758,0.016766529691348692,9.484500099208072
0.12305382440876292,0.02098548027950363,10.123783806718448
0.10447221929142876,-0.01736283969726526,9.505722159200443
-0.05582432466421129,0.08791599091815967,10.283030590602184
-0.0766414437084445,0.07283739999183667,9.310933624636995
-0.01754252399623269,0.06108960808621762,10.24548845413301
-0.02619292443975887,-0.006967281328307533,9.178371145286983
0.05548866036395043,0.005978575220702543,10.183272791001691
-0.06620757007530347,0.029752451393920066,9.265337633264396
-0.02767599335768045,-0.019088668515817205,10.211432757555412
0.0038063480715459933,0.012111258079510287,9.476508488524164
0.04889448758000083,-0.056547861647947964,10.42432359308923
0.07307355877575784,-0.005785600403375252,9.306939537292456
-0.03417106206888811,0.05132732048430364,10.272552766443932
0.04850372422399596,0.057270924180587504,9.247186128330723
0.08785358800567204,-0.03511392478814736,10.166077484879361
-0.03133823923466034,-0.06512147658311808,9.198027633391808
-0.011032014890129203,-0.08373201249607692,10.459176000048167
-0.11094224300778124,0.026957214912974328,9.360939539945683
0.049522456241249985,-0.004073837599336577,10.231007467289684
-0.019957154056103904,0.06697369279010955,9.312259152046485
-0.025316918517318585,0.09186188717307779,10.297457639286128
-0.029584089808604115,-0.03224798864171515,9.22929547219819
0.06662188616007639,0.08875178795767222,10.296515258939737
-0.027434743813867825,-0.04808572841855169,9.403215545361597
0.07898111705763597,-0.009829365027714759,10.297841136159208
0.07472260717293958,-0.028350148704204214,9.313978640972941
-0.011015396345270075,0.05541762567688794,9.91003472352581
0.04125824005601972,0.0008545805778340806,9.497810357526161
0.026983206742772315,-0.019634339286977002,10.232490803908508
-0.02270735999919967,0.0640004984337317,9.445330554299511
0.007251864916769892,0.10555296540152542,10.203336436614864
0.03530056257404723,-0.07327162001734154,9.531669453964934
0.06886740617398779,0.02202149697476605,10.468851536977821
0.0022438613135834086,0.06769768080064129,9.213444273639006
-0.02416869129999156,0.003965356176808334,10.309913645755058
0.03468698396318067,-0.017417428387254782,9.433696489451343
-0.03290828034933884,-0.0014655269556801615,10.338887021864029
0.04227210158148734,-0.0799647154671499,9.501249448419202
0.0013686103343578092,-0.020387612847877077,10.091483975181795
0.018370587342854527,0.06356486599008751,9.527048249872806
-0.02142133213059235,-0.027688876677232188,10.213049610329744
-0.035446936259441425,0.09714653064490497,9.139347149593062
0.024782807447789545,-0.08660409362953897,10.256192123685834
0.0643712229189498,-0.017276690030938135,9.372528218629965
0.008745421465107973,0.0008332571945026913,10.257785832273877
0.01970407946367371,0.0007316225593072282,9.267009148739515
-0.04454918639368165,0.023343701257061894,10.400099172996576
0.007785560902959007,-0.008321954072747433,9.307951561034246
0.04664931898962568,-0.08087371786993208,10.096886338154947
-0.000718657385724867,-0.023493273620075375,9.2434742196846
-0.04595037337465307,-0.05973442505879563,10.368334729205259
-0.006660365645466182,-0.06538508737942826,9.268989559716383
-0.05712978324396916,0.0345297183820367,10.292402702052431
-0.005100170429416635,-0.03340097188941682,9.355795461488437
-0.03229773885974961,0.015592352368693517,10.186090135933641
-0.00414637482701454,0.07515525944785174,9.4620228459247
-0.019551702777067567,-0.07015437437487773,10.307283657151267
0.0010827517627982372,-0.034680820128277765,9.309064770517473
0.0344689032714492,0.06474517240673756,10.198714327042724
-0.047403560915802695,-0.05010054868417513,9.251368973234975
-0.05469492575487257,0.02859076095767578,10.417683910025145
-0.04000909117481748,-0.06718548337408844,9.453844442177399
0.05632600742868056,0.008028652592291742,10.298815276483358
-0.06140888956980252,-0.052853100983879686,9.374337622902344
-0.01116585640253307,0.05571520400776543,10.193741246992989
0.047018227128926796,0.04069830546487,9.363876707834411
0.060715010097628565,0.042452536297453894,10.363625254242478
-0.011400212988899584,-0.004690139062451528,9.259239119169935
-0.04301794461820393,-0.0381272415904707,10.27427877547938
0.0012694444363630872,-0.03627366382175789,9.32361672464839
0.058955996316847774,0.040933129407810374,10.424566463727539
0.10227151071908841,0.03507205910977748,9.409471467590924
0.036954995207539615,0.03579375648820671,10.34116592750816
-0.04281315261723647,-0.08044386291543798,9.281374705692306
-0.0050489311247314435,0.08851942871518378,10.344047492961309
-0.0034929443276444567,-0.04025199942729715,9.22733102522605
0.03349613025222527,0.02268076038420834,10.101288190344754
-0.08149509698842718,-0.044552639022568855,9.19212947705535
-0.019423667285252022,0.042248495034014955,10.30052139902403
0.05530458296598454,-0.03181935472448762,9.303844740755324
-0.055663249405869024,-0.002023118920124132,10.431872151153042
0.017873834414313554,0.03406354947532424,9.395203392474768
-0.01791163065120142,0.026508221743924726,10.296298921003839
0.019468344253825393,-0.037705998429722276,9.285999283397803
0.025028042448360724,0.02123034720454561,10.174337983736706
-0.02570604183738905,-0.043131412834588705,9.357000412057419
-0.020949435126884783,0.030883464134144112,10.416591532762931
0.10783549012973614,-0.046820043311345816,9.361444101270282
-0.00917784582976381,0.03205447427477661,10.321872599014053
-0.051191807602706786,0.03568650839911097,9.53533529172709
-0.14265904042257618,0.053460694383894496,10.414161549349993
-0.066858955236663,9.150710363901258e-05,9.33902734474366
-0.04539995908422911,0.08756271798618098,10.181849347991438
-0.006240677685159725,0.03168990510833653,9.235920801064598
-0.016148976589548007,-0.051462249617884884,10.327847521845973
0.0509426244033373,-0.038184497626266585,9.197833403512018
0.041514555812062634,0.00985543221471432,10.439925928826108
-0.06198874078763812,0.027354585831013602,9.292377378997134
-0.015449396880546654,-0.12682484908563468,10.47485272479932
-0.016136411600657007,-0.009078547267825568,9.298969251523442
-0.10178854363610011,-0.017968351754830823,10.20057146455447
-0.00025180746692214537,-0.005614386667069215,9.287524244213214
-0.11485850407718486,0.03812141780009359,10.149691179524602
0.056578048263445146,-0.14609576200239796,9.435548368692023
0.06948600375679763,-0.05169794792737208,10.338388120219985
-0.03423085683730231,0.05211842590661012,9.164073955057205
0.040451453866808325,0.06701370911005863,10.426850350094634
-0.04099604221204475,0.08566635523610261,9.320180295101185
0.09159470448785444,0.002199859403281758,10.423054363193035
-0.058626890468028416,0.020242185558110116,9.351313901397212
-0.019538919176489394,0.08092981863931144,10.219644155415647
0.02946735879626742,0.005904327453365878,9.270796805078566
-0.04164077505604068,0.019511508800916594,10.282257804176224
0.06959820238504526,0.05722918258207832,9.340693741323378
0.05436320279598672,-0.001296256580143559,10.257804089444718
0.08015042554944449,0.06700495486910589,9.192353996225942
0.019021351772600753,0.0860565131145266,10.360607358649228
-0.07826036428473915,-0.05595960276316975,9.370428126907399
-0.04429592415765463,0.05512269988755977,10.42258978709624
-0.01375981532947552,-0.011830788022066314,9.42710133918391
-0.040276413052883014,0.051037407392526005,10.280048666623886
0.018812489637481514,-0.04130894178634097,9.245508082775117
-0.04581614858306836,-0.03546281207697804,10.322319124001872
0.019994792908069353,-0.008935505391062982,9.179565999152437
-0.0262666465756614,-0.0177109587281034,10.229243892589059
-0.052074089672903195,-0.05614330719689993,9.31377842466853
0.0740038328692949,0.07984439809159413,10.419486917921324
-0.08422025450194531,0.012618241303736556,9.296061205765067
-0.004392176425274935,0.06034155771503187,10.28999864960427
-0.0007045771256181823,0.007015280371684966,9.311876496930077
0.028158855098701082,0.018939159806450393,10.385093436256572
-0.07016714171134752,-0.10060447119200527,9.400784009615592
0.07169756863230971,-0.015724063263242116,10.40748469051597
0.09323983420222005,0.06493259537613554,9.25950068113004
-0.00823109982646748,0.03466831439960257,10.371975272772612
0.055995856843033,-0.019077333986123855,9.392430754023307
-0.01751217758156717,0.05816899974611883,10.403089518421577
0.06404635461583384,-0.06396709945759424,9.435271782857884
0.008417100308222583,0.048940634385184985,10.228679083911974
-0.05316647466464103,0.053718693004516815,9.350810398575645
0.08338599013178645,0.03126910401315223,10.364344019537578
0.01723038619115416,0.014043143835283767,9.388977861612561
0.037919295696160885,0.03488275419434899,10.158310941728695
-0.016500016424889078,-0.013330014681892195,9.327513995118498
0.01478340567593271,0.06197473170197546,10.329215386111079
-0.05446567946112882,-0.051387238684246876,9.13620035958425
0.07844837549311703,0.01723511185129915,10.353186303804332
0.00877217231518263,-0.05749207124861347,9.320740969286984
0.0053864417089765915,-0.006396213350732995,10.315136987791451
-0.009806435578792507,0.015835306870303337,9.248896084361409
0.054591508542637994,0.08912419140530667,10.358752638193046
-0.01218041439709156,0.009533757388621479,9.484536135879035
0.004171725579724578,-0.003466447759035822,10.497791335797578
0.018614268540811052,-0.060440920555222905,9.310710755651659
-0.02527293060372377,-0.044620299367488514,10.161241629197006
-0.06685256707497245,-0.005544240480784249,9.218253382550202
0.025351165572011336,0.04370223563917674,10.35860607343625
0.019713059996032314,-0.01059262435734662,9.312970261308063
0.031193070843208815,-0.016510321253315,10.17613224861604
0.039360248755381036,0.08213481095479358,9.398128422408966
0.06723746562171255,0.04546306219815835,10.256029674100796
-0.012028688625339077,-0.12068392191433129,9.326563071682358
0.05584182628788466,-0.00987420707906441,10.326868610585656
0.04470759966018248,-0.06964008148290086,9.466684239014063
-0.056470475500190215,0.0022463669104690704,10.496881611143934
0.04642420692975095,-0.003749450828664791,9.379756303190875
-0.058413007396148,0.08416061161643418,10.170981245081341
0.0032452390823454907,-0.014647833643913893,9.19441988221868
0.06975743383842568,-0.11233109988505884,10.31949883270373
0.01533869069153497,0.03759299626564438,9.306944861069416
-0.02610883196964664,-0.03682931801532543,10.465095126900973
0.027738189994766207,0.01256962783998413,9.47212700227809
-0.10465129826545541,-0.012578980851224834,10.448279555572041
-0.0010460081205984752,-0.03847772163148211,9.349914607354341
-0.008033421654287417,-0.014167228646925122,10.335328400824366
0.015866583488812678,-0.03939767341609864,9.330190618844682
-0.038673431484210936,-0.00022638443835698357,10.284844029320126
-0.027946530013630497,0.027050231347471705,9.170736235160906
0.014897057987839208,0.07047071188532407,10.317049692393354
-0.022985527042532566,0.06475132493151417,9.279730927829043
-0.07781550654406634,-0.01340609031404267,10.256468321496142
0.058530350279025145,-0.05636394743032916,9.398998068962646
-0.05627675742046671,0.1085463623928935,10.362452539479447
-0.051470619993623457,0.06693165637848798,9.36251508833313
0.03544302716938818,0.09061445326039189,10.127783548260622
-0.08474733716807473,0.031860583875352386,9.274698817775063
0.12990680289157425,-0.03151908531437337,10.368817042936238
-0.013720676535773494,-0.009019015138726617,9.31604082241303
0.07053335866600972,0.12359644141206456,10.298354066154905
-0.04255941229537677,-0.0474186156625519,9.28247264484624
0.009624290395454016,-0.0006391260525732977,10.245827328369295
-0.05102920351262215,0.047708802703922894,9.271380920316611
0.05872180906784833,-0.0442684696823689,10.348710408938123
0.029583884859271138,-0.004855704524112804,9.274237007658723
-0.002714412206309436,0.015420375138479298,10.235466777015043
-0.0795021890807366,-0.0033392315122211555,9.286407864097447
-0.002432435460689601,-0.04591610425076907,10.142779053254516
-0.04073507602243105,-0.06400960332789761,9.235186609684314
-0.015297642815779248,0.026958496236778123,10.382825815457608
0.011613220252150114,0.010325393787605774,9.3727761470101
-0.028077909344464105,0.07368920164050978,10.298524483173583
-0.018810640557603422,0.102661111405225,9.357775311280227
0.0704769151731504,-0.07860404986654707,10.48842343980735
0.05971248891860928,0.029467809624584354,9.152598131128096
0.04139191458912268,-0.025291735196454154,10.172382890528235
-0.020867812796402853,-0.030279929244048355,9.250297317852644
0.06547592939282951,0.009842532603860104,10.408559173550127
-0.09325657064912468,0.0767801055492809,9.451173492756205
-0.07055908621030083,0.05972535478448885,10.212062582637286
-0.03538529470577955,-0.003370671668650651,9.260907410487906
-0.01741953406676793,-0.16050454126968827,10.352516977377013
0.04045270636790905,0.025883239955910926,9.2269007687459
0.011676956111259709,0.0029749256444869658,10.333478996666418
0.006535773994781393,0.07009419276932376,9.24476144179729
-0.08792724050397924,0.0022543393831007123,10.324614527057966
0.025575592247075202,-0.0011523534310785301,9.321484530245623
0.015362443400389761,0.01614722739006635,10.410716337845196
0.010365064870613925,0.06478945479723841,9.369351460799752
-0.012498285138860402,0.012739802122488859,10.348374367678723
-0.01230461516719523,-0.0826337220349222,9.175235223234301
0.028284523173293163,-0.022127033521979436,10.19852950092718
0.11556017677229463,0.0035393389621828906,9.40890554694874
-0.018878962413518125,-0.06510579592457501,10.342286391906539
0.0690203022744481,0.0331513607505518,9.231921399476612
0.024009967852954048,-0.045752409409707824,10.323873252747827
-0.04238188980710387,-0.07001899335925497,9.29795521766135
-0.03560982096174883,0.048781884374566195,10.342423073739655
0.004319664393359848,-0.06791951676898349,9.245637143875786
-0.03794588516730961,-0.012540551112276203,10.184698346025344
-0.018413221388719685,0.06482371718297224,9.453813758210467
0.025429462899909484,0.02801256403432245,10.248449175561806
0.046922095145579275,0.04252580036041036,9.413145841916146
-0.032249616219968254,-0.05433173301302724,10.184412402178427
0.027878953388166663,-0.008221348654192405,9.408482633655476
-0.053131482312204825,0.0007109908076954751,10.299797706571164
0.02557552675755035,0.004304169100114444,9.419319837232866
0.03634007944407516,-0.051200323913138696,10.225294670895362
0.013785815270023758,0.0002250336070228292,9.317029841520561
0.04540350065091078,0.06796046730735046,10.375725644454844
-0.02701831262482737,0.06893317431234353,9.366344484557324
-0.052748201873505,-0.0451744833054624,10.274223101269554
0.007218759434491986,0.006362579054393518,9.210157285090055
-0.00888373342824932,0.002195601226794697,10.345457864520789
-0.09769840498542544,0.03932025297219003,9.375926173951498
0.020841509037243702,0.04438221279725507,10.299707899662222
-0.05432628268169109,0.05011903614085254,9.401117960809556
0.024452188963504495,0.02059133487791673,10.29987818902696
-0.023490459719433393,0.0015669956841360276,9.405569306673359
0.004046571010435506,-0.05123076740666265,10.240242070114048
-0.006145279365450702,-0.013290852616604804,9.416267251080047
-0.036765643149084745,-0.007152106464278395,10.252794319043854
-0.00023460556975561783,-0.041077699162722366,9.231461030301645
-0.06681427879281158,0.08021570610030603,10.213890866041975
0.07860796934110753,-0.06477163531569076,9.340212008451564
0.05707832753559614,-0.017648354902059276,10.219684168632973
-0.0006351492117463034,0.03778312222862962,9.202081046948168
-0.005809160611807369,0.04964772344194453,10.250848117929717
0.0226419326286134,0.07468913798224908,9.369470271120022
0.01690507552936396,0.026157798141103958,10.209011518059896
0.054160742827711154,0.057259798822174336,9.340948371363769
0.03648299054437585,0.10018621363652101,10.302404981580647
-0.014529002064514573,0.06295602609419955,9.31979835438445
-0.06599642928109418,0.051707055147089565,10.224276540939066
0.010792522734589364,0.05368877575337652,9.428374091476233
0.017714933325646772,0.03824856503501748,10.133880119628506
0.053593276937611324,-0.055409363622350195,9.305264308186835
-0.001330366571442075,-0.05262282941696903,10.347036355278119
-0.012043758856161123,0.026693088734741157,9.36640672406722
0.04142780551607997,0.03734627937968458,10.08285367664584
0.0043019409202059945,-0.04505365556426777,9.504882739790775
0.0004699112946464352,-0.031051542283180685,10.354672399804535
0.026573606878043082,-0.03597323403602481,9.426150692998284
0.04554986363031785,-0.027078479225331492,10.262816678762745
-0.0028620464296534565,-0.044385491928047666,9.36076632686188
-0.02393489755539252,0.014350778223290148,10.134452307044509
-0.013817853530873326,0.012109590139511229,9.334758897438082
0.03232774781456401,0.05173851710362098,10.165203986581862
-0.02518511729146803,-0.0024319893098535125,9.18964458566963
0.04664592249586756,-0.10898396402677533,10.150493832822203
-0.011667325033516002,-0.079892197510447,9.366948935913447
0.00788299965725414,0.0032208108875276236,10.23109635046002
0.06204996677004945,0.012401213209074195,9.295258431610552
0.062029527568834966,0.02980629310964777,10.102356474816126
0.0440239558265181,-0.021724331951192232,9.516974148601948
0.0032077017767167936,0.09027534993714299,10.215717034252288
0.008545975470412614,-0.0032550254302125634,9.48832985662792
-0.01451301552202884,-0.05965881886738053,10.457216933898081
0.03205649081054592,-0.046625361328046316,9.27852833625024
-0.05819289205858663,0.015924697911938093,10.231470928195106
-0.0445681758604285,-0.040756440046971154,9.300641740161089
-0.022587989374346182,0.0028218126953083057,10.478252608849433
-0.008626091307398581,0.018894050139752008,9.356579175988927
0.034999222897215125,-0.04373338700270196,10.246118258454036
0.04235093543482432,-0.040562874891256345,9.398321535422205
0.030822502245368227,-0.04612678399625622,10.32246714519766
0.04384086617914019,0.043156818258771094,9.43967837502678
-0.013945569878875337,-0.0006915565389056023,10.180250038708323
0.08527561722398429,0.027917528214327948,9.357867344362388
0.01905981388068752,0.019496197135089016,10.201134314304895
-0.02880507740376133,0.036574440121770135,9.388568665318184
0.05747662258378429,0.026268969505775897,10.336348365807515
0.056394799476653136,-0.007076200827353999,9.46709191187716
0.003963497513834961,-0.006086227461552143,10.321429967289411
0.020857026796897854,-0.007537963513757965,9.303332932388846
-0.05803222978495087,0.02535953684221433,10.190151353603143
0.012390017064654727,0.05045428016222924,9.39105174607805
0.011843042316408885,-0.02242687435700667,10.401719387346885
-0.12069409132257028,-0.03279594430087178,9.423705081359335
-0.03584838273554294,0.061505554216353654,10.139820619670314
-0.04017288456357881,0.08205495068096391,9.298306416677237
-0.04641725997747947,-0.03324082593633158,10.419951961544932
0.05399831017938278,0.057908673486837065,9.383833460196119
0.0033261220188418672,0.05108462394851814,10.238989244955725
0.02148293259604758,-0.04552736239558023,9.591843914942636
0.06118428230215866,0.019709962209117353,10.230871720851358
0.020933417581296732,0.02398874484764428,9.362778627621154
0.040131860072938244,-0.06266348286692583,10.162831113727758
-0.04125447332148997,0.034265277369248254,9.314901220419586
-0.039730679599099775,0.03426543597081135,10.270899257983725
0.03537821378244159,0.0014300038140239199,9.600445038780133
-0.009582506821378354,-0.02172153940030013,10.151668525175944
-0.030411922427536226,-0.03588156158038195,9.412881813861944
-0.007494353227122989,0.09534551923829487,9.975619220941473
-0.04151227511152339,0.05040563431298128,9.453887046516448
-0.03245901941898282,0.03936995890917744,10.277585385482919
0.04090680259605853,-0.05623001415371085,9.399524183520002
-0.15179284030160933,0.009144514733480642,10.215886477005622
-0.12169967665337228,0.08595856315925943,9.27122639311535
-0.01583657418531399,-0.02699262612605871,10.355516301130635
-0.007545487637890364,-0.04203222604814719,9.437702301031143
0.032260208848064936,-0.019642416108812365,10.184723365474316
-0.08730854510843761,0.022772492563255805,9.369464323366357
-0.003422334761767893,-0.023701877613972983,10.327854057688505
-0.0626925242707073,0.022481318296715323,9.512211069426717
0.0550811991386018,-0.027078714170048798,10.169004071795733
-0.005423428535011566,-0.018233543497738616,9.517280974916826
-0.0036610548622024067,0.02016638064001579,10.119070794495077
-0.024637929036779176,0.07383519468522474,9.315754809835601
0.027740703011270795,0.0026586988018324226,10.223923889171814
0.014831970619646709,0.11035109903957717,9.497134079220631
-0.058242242055774676,-0.0235797234998883,10.185658629224726
0.013127414305565835,0.02970767627402601,9.412616566062566
-0.08588641039114248,0.08206186248776913,10.360247386139902
-0.016052271605494443,0.05357910107070806,9.414671357186823
0.08888836564470971,-0.012329462859062118,10.298189128870511
-0.07012117694776869,-0.034086055590310964,9.382018218589455
-0.05930747376342687,-0.0725586998377592,10.274852320623147
0.047025002122863924,-0.04057192729892516,9.574916702992631
0.019110837957006126,-0.04170029501489424,10.287502917007387
-0.051604791693079716,-0.0852386174139082,9.41269364548542
-0.028906952127427832,-0.0012609826073028043,10.217955082541243
0.016001276401926955,0.027004344798085514,9.511696733901259
-0.043708849683468706,0.03003828563964252,10.255270108027899
-0.06290874934302507,0.04757432453139619,9.482958205154054
0.07249346280449376,0.00839680887029941,10.205797791531761
-0.014606659784525631,-0.1243916955119629,9.317924474346743
-0.06550744825718573,0.05947729491605447,10.265367520821743
0.0909655504114368,-0.016030095110384158,9.327385425063737
0.03590842974164605,-0.015399407349608964,10.29755359048757
0.04221307653036363,-0.017963755279094936,9.446898837575622
0.10121074121932472,0.042378996468128136,10.117073065129258
-0.04193754744982118,0.031051940580801015,9.391146335118865
-0.014389400046789243,-0.029554675709011546,10.318219092981183
-0.008393193787028267,-0.043750387593978216,9.292190454867514
-0.009412850921003467,0.028937997416305285,10.42284248600184
0.07281185969578007,-0.060075809350794054,9.26714711768559
0.040842027139622934,0.011115836843089304,10.109398829996984
0.05290950148072913,0.017709753669756495,9.52220642513113
0.05128928184948142,-0.012422766841692566,10.142194533538696
0.02285830282886734,-0.034570969212249524,9.459585926008138
-0.03812587703582112,0.08398313769026827,10.225276280627828
0.02688701546562804,0.09261190301312398,9.402819098616083
0.00917130340472814,-0.03516868857927047,10.360018629032854
0.013594384871984683,-0.05621298176979496,9.444195580963756
-0.014614442849485848,0.07090526534818446,10.11475535103395
-0.01589312989449469,0.058158379392056696,9.352103026079163
0.006243256870773267,0.07755807062911738,9.96622867616655
0.05026408850617401,-0.032016030346327266,9.58272064169274
-0.01907145632139256,-0.02241151131357197,10.205851821697088
0.05386168548389147,-0.01670152112344917,9.32972033399553
-0.02288687427567829,0.07127922788710397,10.14725441866283
0.03041803011460288,-0.03174992386557342,9.467417633493604
-0.0022731188954284195,-0.0003366955141916809,10.142504754664518
0.012904672870109438,-0.010607411600091566,9.385824797259023
-0.007465092320321852,0.02197699711845905,10.09799606246203
0.028501251136114483,0.012214267746577887,9.534869439313502
-0.0434871116818124,0.001173292215364873,10.203814711528413
-0.0427026841264403,0.007673564048325159,9.328604118938829
-0.03606071607160731,-0.026811963249766726,10.150804498061097
0.04349043871592996,-0.013856258273641883,9.565528166204343
0.04733966120773828,0.01592989606629377,9.944913584122025
-0.045840235005274274,0.031265209359564054,9.445576904996784
0.015604284019311982,0.06898337410721708,10.201488939434132
0.05077028898958787,0.010231980095590607,9.500741539152362
-0.017726833548571446,-0.007234725344851986,10.254272188985743
-0.09980827271095555,0.008322275133581336,9.645755409762186
0.0069360541044008175,0.02789155502351062,10.213667361820784
0.012622664989850886,0.06106760228646574,9.60080617536193
0.056946151815024965,0.016410177563806704,10.274335800826854
-0.10314331174471938,-0.03712903458414268,9.543817001640628
-0.07970153228265003,0.022835355456554216,10.15998816408885
-0.006869405254391808,-0.08168006557525213,9.496915495891223
0.005650214726846706,-0.03342412905426228,10.201760389195616
-0.05562208084629316,-0.055252321387848295,9.340589153834962
0.0076747263307305235,0.01751869530512626,10.330451514518334
-0.02208887866972235,-0.04400412033135735,9.481939400542945
0.004555707233066243,0.060486582442307826,10.126089952611748
-0.029978224608713244,-0.00037174830943815883,9.597729829444106
-0.12955052892178937,-0.023787621917960567,10.161931412640453
0.06576620066037057,-0.022084677537653044,9.461792025185934
-0.041723722758703057,0.031032192373423275,9.990743485350922
-0.01468544196550577,0.07952190152801403,9.53921944133246
-0.023059958692841567,0.0398162345909604,10.273424314028071
-0.011161683884729379,-0.005759028993196209,9.468289945197723
0.03323930745772144,-0.16183301808896688,10.23204067977061
-0.05337910277394442,0.024145310477953673,9.537220914749742
0.048529036046234694,0.02320340217482966,10.146197977374664
-0.06402860315538517,0.03474716263968224,9.604968427411348
-0.000633421774486787,0.03744490602963752,10.018394666378686
-0.05012756034954074,-0.026676514493659938,9.460726843680611
0.05582964431344087,0.016422479569110783,10.169265825571731
0.12712077312203388,-0.0014250985663552048,9.543794377362246
0.029371050161445145,0.008916729232471101,10.070166653855095
-0.055482807018518224,0.014087927328541772,9.490896852330005
-0.0536925494534026,0.022285614169407258,9.94977376858711
-0.04508326468333375,0.0395813449271717,9.566723655446674
-0.0711826255095365,-0.031813765008995805,10.212949523627207
-0.016017027981394816,0.0031084003042871696,9.463986561223301
0.00782396952513009,0.013370138301938051,10.00565546218353
0.0349457898615013,0.01554716671268083,9.738081718854007
-0.1027170939234555,0.03201756590012853,10.016278735317115
0.019515926599293423,-0.07546047357305041,9.620534382833801
0.0354139761721206,-0.0499601866792597,9.876052693595257
-0.03134832227021895,0.007064729666150318,9.405024642325408
0.018615652032153207,0.015641736592460466,10.10009693628487
0.03033097800355158,-0.04926055942089959,9.58815297877141
-0.029652843716475447,-0.006137263309915927,10.23768443130148
0.00182490375446603,-0.11004708631147819,9.720825189462579
-0.04265221892428435,0.05398562461459283,10.208509397443224
0.006001320765418297,-0.0049373784794557035,9.472837303445498
0.01321278451245897,0.030240295235186256,10.095972887190214
0.022628585953998966,0.09607173587390183,9.596679253277248
-0.01287823107558554,0.00037835383935623176,10.06771591121111
-0.05498164169335521,-0.06522845945633554,9.47967946809647
0.016188947309705194,0.009201702652383228,10.07646250357942
0.0032505785887569742,-0.039236497150760295,9.533074427660614
0.08231018676023098,0.02203323123216934,10.134769848909626
-0.012694974938926549,0.008210291890769305,9.461870856577704
-0.0036830479697571358,0.033149173165175794,10.266116915624371
-0.04469095862478809,-0.05753894240656465,9.600964320546343
-0.004880591523690335,0.016348977660302973,10.196040158721926
9.048148502525499e-05,0.023536831085037915,9.707366571626704
0.07672503330273134,-0.07523811955168362,10.103922289918383
-0.03945148317748546,0.042319476087254886,9.636546420557227
0.03944988865073193,-0.03706679269977372,10.165618264273968
0.022666568658027665,0.012728732957638086,9.54076214508246
-0.02698022241411458,0.04749720921385742,10.061757324493659
0.008258066072631067,-0.03898111722451688,9.51653326738123
-0.024135664866029135,0.017365337493500443,10.076452183184735
-0.03809288744561731,-0.11551488625669155,9.577702846110471
0.05230429119465592,-0.008960165564264596,10.09327796696601
-0.008585137747820316,-0.0025384289525368768,9.553719569912404
0.03283667024341271,0.021804828488287756,10.064009176604785
-0.1443212942229482,-0.08246837594412368,9.635403821957034
0.08524459665067974,-0.018143941393104646,10.076087204827118
0.05254645462161039,0.008404282214100155,9.625500488082146
-0.019009398819158047,-0.015600371329553995,10.103531314152573
-0.04462028981253845,-0.0094305270324168,9.55493046129767
0.05642973094875077,0.001373851484287414,10.006743717445385
0.026250366997169046,-0.03449917987685291,9.498913656370183
-0.027479587872538958,-0.020982068320828186,10.0597853408572
0.013183875645567573,-0.004702383972469998,9.534906146861001
-0.02718648723975108,-0.04515549795914364,10.086918358130497
-0.03758396562087346,0.00841213765223002,9.49285611836782
-0.019296305835569766,0.011801522436708334,9.963761861545326
-0.03181703866973781,0.02590183155760403,9.64156697772243
0.0025449662329388393,0.015199358051168767,10.07691899016262
0.06853059082105843,0.04792519394733139,9.419951670501336
-0.014694445651732752,-0.014475825747281177,10.14813954805223
0.012419088572117622,-0.08213123534945836,9.610745782110572
-0.02696920953326717,0.009489355339969072,10.109381422073342
0.0024793953525657757,0.03419838945379014,9.517746446685717
-0.06618465617972792,-0.044171752869929214,10.046921072267837
0.005893451229955789,-0.09416730141049395,9.55793576676001
0.07320590584788328,-0.05123204110468017,9.971614465499739
-0.06644423429362346,0.07143337162276248,9.66531549737655
0.011436092583981143,-0.07047989363298383,10.011497637372864
0.05095436051486523,0.01020403679159901,9.59188473082361
-0.008444112082987752,-0.015477641214881899,10.026464474183328
-0.06194541526221625,-0.0005639739064574995,9.565900065388153
-0.052897773339999926,0.07243374311372135,10.038485238034138
-0.013416500227545966,0.06521818703822961,9.626870194857037
-0.05240689321787421,0.03771723717359756,9.947175366616676
0.08842052364055406,0.005318196002008092,9.537012749292963
-0.04443626176370148,-0.11323175666524139,10.081110271688074
-0.0007065307094250721,0.03418730670731251,9.492665004979516
0.029630775470754267,0.011043629156174023,10.084247387318547
0.006346097112721483,-0.04873801081829257,9.702268052987096
-0.03288436232051562,0.03585786078707059,10.07877509249077
0.010327339291391898,-0.05184358237124298,9.640863947941073
-0.06291793699614749,-0.05053485471222507,10.066039801624315
0.08125845655811127,0.08742997429021157,9.50345650948201
0.08193365546468456,0.08876061518858751,10.10888316448168
0.00010435434626795905,-0.047887803571694414,9.672928726724907
0.05643101885945311,-0.09791084859325229,9.764323085018065
0.03946792093438061,-0.06455774576793986,9.589632942474188
-0.016830354827762673,0.02419692873000681,10.017016938695994
-0.0352816561531237,0.13894986119014366,9.532332488251162
-0.008235320118348271,-0.05794586284980509,10.204493055823335
0.027381847475346294,0.03923868372818889,9.421296248216048
-0.01750067650504153,-0.05804039056578756,10.00389463817227
-0.024393086520640875,-0.03609622504849971,9.436080933449592
0.07829199536789185,0.013689210577142511,9.994232190527258
-0.00394021272722406,0.0024895835208472838,9.563087690411155
0.06472669189219958,-0.032017446412646505,9.993484919535538
-0.04208399286543555,-0.11783160263221992,9.796514072333908
0.01894708288065516,-0.04696199350369306,9.921964290154783
0.05453669065285058,0.048425867888760014,9.66316108561522
0.06121443038050664,-0.11576784461865378,9.939491113200855
-0.017934704964499584,-0.02466437867486912,9.598771502632834
0.030200473165204984,-0.001797932822782686,9.914352000679006
0.002591842516817201,-0.05099625475596064,9.517946736370714
-0.05765636444312944,0.0281608042123158,9.822510359497121
-0.03238177613300845,-0.05086231604001758,9.592874504055956
0.0027164595445745296,0.04280030983129101,10.047876967103033
-0.045110046742260754,0.036949624978698775,9.638098094957272
0.0611102268194991,-0.09659265339756136,10.03370646097703
0.02491588530206418,0.1016061839574435,9.779215641176805
0.10070146858127867,-0.07414182501995287,9.958366507945858
-0.07561836944368487,0.022789949417448635,9.668572127534834
-0.0009209462215554794,-0.01421611518962549,10.039276195687748
-0.0035352245706774693,-0.02101536710263391,9.866923285573286
-0.06162247105662183,0.012159143605170262,9.979427363697676
-0.11491160320528132,-0.02953943834818038,9.699391707872445
-0.04567383517877141,-0.029592327758644166,9.897295770778735
-0.016973884835653222,0.07710763234929519,9.711700244532734
-0.06884819928517057,0.040385428025823934,9.976835722242377
-0.04358257214850129,-0.004833557677358625,9.662912846595182
0.026407971426349316,-0.09041077837625598,9.893280802210533
0.05852380064985155,0.05718371100684814,9.670730829223684
-0.058958767337385865,0.08403988517639209,10.237659503387887
-0.008544895218298754,0.03182112667916309,9.620246491318301
-0.129086059661296,-0.02748793335927658,10.000809096231938
0.00942916451502222,0.06670553981888794,9.669282101445916
-0.03453355274110223,-0.0005864200213708229,9.797202336708319
0.09192362863212128,-0.012946522047969665,9.520853669145696
0.020294355627384384,0.04925185448346622,9.938207400461172
0.10952882461620572,-0.051386229854117164,9.678423969868291
0.013640681101087154,-0.011743821410522388,9.778510852583882
0.015699734859375706,0.0100544094449624,9.836492260771454
0.06594291979495868,0.018069795977090644,9.773783026404555
0.028469083006243012,0.0028435678525218634,9.648174210149831
0.04877569208908915,-0.08277985530646964,9.912087473203917
-0.01954979036306674,-0.07474216599695009,9.648173680073864
0.08407397224137017,-0.00810702518881401,10.043015744516
-0.09548221141594149,0.03770406561591386,9.730698673083154
-0.0168050446121663,0.006717566042740196,9.933163476943955
0.03072907146874755,0.08211913957327492,9.555148885302316
0.044706506529178625,0.02545113434758379,9.84720573313819
-0.006778985099229031,-0.00492997141204099,9.833026893960676
-0.0506697817334743,-0.06682195743591206,9.990328864400423
0.011565269239740522,-0.10241077549905515,9.796224346394188
0.015407404127162752,0.059660900245180976,9.900761785066859
-0.0618398486948678,0.02030400200780401,9.661591959244301
-0.018367758615214395,0.05554175677849478,9.939907178838899
0.05127532883959266,0.003794111826813212,9.536849838906358
0.02278042926462181,0.06152299967186993,9.740969750899058
0.050017981378916034,0.02201775232314497,9.818485545533232
-0.005153228618602332,0.08636587856792965,9.90430112957616
-0.03460705710248465,-0.06643784776438068,9.672247193018432
0.056032181125979186,0.010890715143048207,9.982463180266208
0.04937642666113872,-0.016019514325753905,9.66944859986928
0.03070324491733689,-0.018507809203568946,9.878547017803996
-0.04402550014882242,0.14123122931812876,9.916295037020946
0.0848829084595913,0.022108784549863796,9.842519652537549
-0.0043544317116233884,0.0732656306804687,9.693496788093947
-0.008839792882736007,0.026285702116248862,9.969224000416313
-0.002634382733907157,-0.037373845312495775,9.747052470019833
-0.005971716296020898,0.03171025252160117,9.866079332458767
0.03988762094110482,0.04875744701794505,9.763491840033675
-0.016745500426505036,0.019221397122967845,9.868019565037164
0.017436645230528628,-0.051666637633838844,9.72525348389913
-0.0736629430164209,-0.0059405967350077745,9.976117724163437
0.005379333962449906,0.013636397502186374,9.669321253692214
0.018754992241455475,0.04843464863120668,9.798839781069118
0.04317717720585315,0.024971486999137264,9.771490358169387
-0.012480411588734724,-0.029365300906984172,9.853560692432428
0.047836501548198754,0.041030528912798486,9.6401685800027
0.07298517330555246,0.021450108377504926,9.75765140040956
-0.05175680761491287,-0.04301008194216561,9.684616981565519
-0.04259338466961483,-0.04237544873177229,10.015567034383155
0.04462887039889791,0.03290577633178225,9.53242146570966
0.009706451706726849,-0.00837184123906747,10.019181315742673
-0.09537729564856322,-0.017894700941929156,9.89508721163236
0.011543776251637862,0.010077258400195944,9.893072117358795
0.13393257566949296,0.007027055459084695,9.789963518953662
-0.03768644326372773,-0.05021286557428082,9.791436200902396
-0.0801688384968366,-0.03103597667461147,9.78912725254869
0.002063729407051315,-0.013120369903496241,9.84979073875029
-0.040476886559313634,-0.040335544865736594,9.7260748304898
0.08048475211351676,0.036179752047549744,9.931588521418355
0.0629227660609075,0.00014010117685091676,9.89880035955047
0.041567874533521953,-0.011528661965721027,9.989360900218193
0.061652819002215975,-0.08427268023501182,9.992455030754515
0.06469690522812857,-0.07949179451344557,9.830945469502243
0.037454691244998506,-0.02391826093493353,9.578655507849147
0.02580664454123255,-0.020453900236482563,9.885510409219867
-0.05185600366076973,-0.06771634725601611,9.824506514336413
-0.05574597287648378,0.0038439549869008238,9.79712729034243
-0.03820286095160727,0.04820258975602146,9.731176330419467
-0.024174528020628513,0.0580554745900812,9.739128625826803
-0.018681774208315037,-0.027154159583378263,9.813621330674286
-0.04519137628285181,0.026908761744334278,9.65811054083518
-0.12588892920687403,0.00978187889748946,9.884665844093169
0.038789061440825064,-0.029149919006777145,9.74178593989651
0.06762752008627407,0.022922160637131674,9.790397300530667
-0.03605546887908086,-0.05128477864511526,9.743142205352688
0.061818711214813,0.07124767309666874,9.880884293868737
-0.06813657056655519,-0.005977118906746308,9.793592559510971
-0.008004766562401948,-0.042867805250365355,9.647693831071013
0.05416248512371689,0.03237595689840843,9.93538343865787
0.002388114171942169,0.039819256547075035,9.862704322409874
-0.06085237069551827,0.03406512095081757,9.90172303322429
0.021626525093522562,-0.030201126645513533,9.889948626042978
-0.11638868337442002,-0.07459547042014408,9.640998312644365
0.025433201005110363,-0.08313062262748892,9.923887546104082
0.006848079466543331,0.0509711216689333,10.02745060116026
-0.06582873559155049,0.06597576919705571,9.950096440988435
0.014552821683296843,0.0501596644523678,9.894127810156164
-0.02800489295133431,0.049988744097091836,9.911141056456296
-0.0396066770747473,-0.07242081917199039,9.746091728990177
-0.006946239633956879,0.07540552641313057,9.72945298483995
0.042368419143374164,-0.004987894767830266,9.959190955447491
0.03131177277919158,0.00039124713746609466,9.729810738369494
